0,0.0718002118177641,0.157507563474139,0.309858666186209,-0.00526832637820592,0.117815095841983,0.497252296243095,0.386446147342738,0.0816183258996972,-0.098748230346013,-0.0197738301281359,0.00934115921577071,0.151523956255666,0.647565403326577,-0.0329218984822843,0.170553948674137,0.604504420164206,0.486604471954948,0.274886887305066,0.0636594718741421,0.0814671662913393,-0.030092594202314,-0.00309536560306314,0.0886088281125971,-0.0694369416852035,0.0729684610467579,0.367930319618318,0.0482226853996486,0.609223544675149,0.361720561069309,0.189445504971225,0.168430562781656,0.0481249045802658,-0.0523166028141068,0.746491915265054,-0.0508945707206862,-0.219417617406303,0.0939557026291298,0.0540145605880108,0.0689579633046541,-0.025699985941275,0.428706059309136,0.0165503017191922,-0.170415991836995,-0.129716861188617,-0.0763580671049202,-0.229552926673157,0.375575277170707,0.132946628571689,0.1650401897813,-0.0137498543898936,0.0647553864380572,-0.109336480763099,-0.223548327060765,0.29791525952697,-0.092400385250006,0.0711707031305043,0.0254064684371863,-0.166415723980579,-0.178345924603437,0.16387797439079,0.0922454837635946,0.625101733749441,0.227154612064315,-0.00410788954818683,-0.0208807683716202,-0.0238568907944281,0.0279759196701069
0.0718002118177641,0,-0.121276968514487,0.226136937707323,0.174010957266235,0.175595267398077,-0.0449820729154743,0.122445979891337,0.122977721941546,0.271290488481482,0.00692627203242213,0.288129947952636,-0.0718012772863048,-0.108278725148044,0.340728434806245,0.174826459106869,-0.044973096660594,-0.0410031435537331,-0.183730444968636,0.184117682247637,-0.0502860254542501,0.453644573744549,0.0439366425452722,0.231554371923453,0.461556820697313,0.325304579566037,0.279362637918087,0.149624342644449,0.156726504849314,0.0532414490400797,-0.016282802220383,-0.14772358242194,0.247883541212978,0.391428083297468,0.0610541329810127,0.722296936989153,0.0728769963425436,0.167532267466187,0.135933237059145,0.228254994977353,0.250910176167851,0.0131572608128694,0.23902033148792,0.161935175941877,-0.0124869295532787,0.229686811958195,0.116492543466601,-0.00397281872987659,0.29915464016465,0.064003738631844,-0.168824527639858,-0.0473397931833917,-0.111150179204435,0.208584906014277,0.110184148057106,0.406096057588771,0.0763663123575877,0.241508455503429,0.402477944277143,0.223585150330915,0.310671342615067,0.335937810077315,0.0597528237686516,0.119039767975978,0.0014088750912183,0.0557840279809757,0.0945871927501276,0.31372136832874
0.157507563474139,-0.121276968514487,0,-0.163102906817638,-0.0164702826800528,-0.156287747703982,0.465653834414184,-0.224866442766289,0.072476527210912,-0.268294861627601,-0.074303574847657,-0.241050785550332,0.191061476943515,0.422036987120449,0.0922388035178431,-0.0376248704290607,0.332908934523452,0.387607654045078,0.519590719038703,-0.24812919369148,0.0981287185354459,0.0375252975607302,0.094099910839368,0.160684343322075,0.107540751960408,0.294707949502248,0.469414471721036,0.200468694052874,0.173692485148009,0.0011654044165163,0.236636789932178,0.140893595009985,-0.0598928558973259,-0.26909424835761,0.202444155990419,-0.352062675187295,0.432732933292934,-0.235648186538731,-0.2054994622356,-0.142071235320054,0.221410631599013,-0.0773500727121793,0.0653778589456378,-0.194469999666537,-0.315832249071886,-0.190694898315825,0.0867813108322889,0.341348543008574,0.0192772966339414,-0.0860873923177057,-0.0624170845512672,0.261547061548928,-0.0962976931345224,-0.223364549665309,0.191539016532418,-0.355568658784124,0.0774305799922589,0.0962505333415904,0.0859749502453659,0.0423672656908875,0.208192578152171,-0.194316132678691,0.139903094348771,-0.17787269753128,0.281067152185642,-0.141772633224197,0.0228414500639119,-0.176503814833041
0.309858666186209,0.226136937707323,-0.163102906817638,0,0.180132825333411,0.482538253399175,0.392439898186295,0.191151932980674,0.558827052817836,0.00393044140367318,-0.0307762001588356,0.732637229218072,0.231769077600173,0.025972456569,0.444920943251706,0.462802105990041,-0.00128722248575849,-0.104953326675857,-0.263380825444465,0.775191574757267,0.089041642116073,0.0903926185809416,0.0226646774295668,0.457485405071627,0.168612523818496,-0.128891878370423,0.195586164548822,-0.0301400433769356,0.280539272119304,0.0323969823149181,0.150681629532631,-0.0860047751981079,0.187646900695527,0.0487593012720021,0.300494591384642,0.102887852582258,-0.136512115113928,0.767351179509477,0.27013348547794,0.478497757371941,0.381168297986135,0.151763137222118,0.504172847691764,-0.0683001282130313,0.14721969792508,0.595208326121531,0.176289422630087,0.0622296976428781,0.525791768840886,0.313104427297092,-0.0541185244542843,-0.240474551004851,-0.207523637706165,0.401437455913332,0.0540837876485381,0.153893398450249,0.107599464041965,0.443529078112686,0.159440694329903,0.0055008092860219,0.108594604917092,0.215390195994186,0.246486725905926,0.138367454534086,-0.0328431784252411,0.119616096822233,0.060404728741239,0.0744578366379077
-0.00526832637820592,0.174010957266235,-0.0164702826800528,0.180132825333411,0,0.498058933696428,0.197226151767256,0.309912680763827,0.192018148329868,0.207452989150172,0.149703344876478,0.166012561581932,0.244665172225694,0.0529362416056933,0.294059857748119,0.119046597776717,-0.127683690019764,-0.204270557644786,-0.243040243353091,0.116053710051846,0.153101383728192,0.0979741312701793,0.158292264362413,0.151428378798624,0.252850968017043,0.103291521746754,0.233167873479726,-0.0639023033801575,0.0766628394272521,-0.0229912346350551,0.229815069626609,0.258287316028427,-0.0833516727059162,0.0991082083345864,0.121018885846921,0.0516625916011493,-0.0597198968147922,0.13671335873929,0.474374349049415,0.474441362003205,0.193004871807677,0.318987761599553,0.11742149024019,0.179820816114661,0.0976429678737775,0.141905636972221,0.281751019371541,0.16958610343155,0.276115867159687,0.108427561796157,-0.174387638497697,-0.256377709948873,-0.200499343826816,0.0690645485071985,0.164421649263474,0.180597419563705,0.243057588146414,0.105975950976716,0.194790198424422,0.0565722945257266,0.0209306127639259,0.0615245111751596,0.0369914193359888,-0.0288071171242442,0.0161607769675077,0.165757538706945,0.109281316714333,0.0452833856484096
0.117815095841983,0.175595267398077,-0.156287747703982,0.482538253399175,0.498058933696428,0,0.239308146520612,0.471565737769231,0.359727942001621,0.466896656713187,0.164436010938106,0.602043351520874,0.291158765201781,0.0352282206078602,0.385249014424181,0.224689052896093,-0.0344526606576232,-0.176163291661269,-0.223456753162665,0.450998493714495,0.202272288187924,0.110469756518734,0.225881828839272,0.14386552891401,0.255318486890571,-0.0167427884154435,0.248968980211718,0.0259251363922962,0.207408541402256,-0.0108543304107333,0.211600986464947,0.0365679318011227,0.109230962391142,0.269678731435647,0.220770191141052,0.20851749859551,-0.158781750144037,0.437207881633795,0.471993851311204,0.837765406786089,0.252069571842113,0.38452111397007,0.191134932606592,0.300320138439632,0.158323462993391,0.502829234257006,0.199817049053945,0.123438641809823,0.416400024936921,0.280679857425577,-0.0312048920016518,-0.313292473322494,-0.151815508553614,0.343845335598416,0.182751807662202,0.174434399335427,0.320086771338377,0.16376157194421,0.173610710438037,0.0325029567340171,0.0113307422255426,0.242472336917621,0.248821180653239,0.0372588960632903,0.0148517008069456,0.259957499301533,0.161029494665713,0.18988443281838
0.497252296243095,-0.0449820729154743,0.465653834414184,0.392439898186295,0.197226151767256,0.239308146520612,0,0.0128619888540337,0.56225666031551,-0.27760255338277,-0.121528882141184,0.114512483713451,0.57954398431981,0.593169814693695,0.365942997759009,0.242160189342126,0.215587340093018,0.102759685647824,0.12694926352243,0.151693890141374,0.125050334860284,0.185019746480255,-0.00659555475141142,0.566993262978096,0.28229712829963,-0.0541529480660291,0.620968182490744,-0.000944362836317755,0.495955678215656,0.0392868269966892,0.379188430545325,0.293771433568886,-0.111811180777109,-0.236090503030551,0.524197475326814,-0.233404086227734,-0.00862146377729883,0.148638566419542,-0.0151156920793637,0.281738255825558,0.525701471935565,0.154282228388637,0.425054902299709,-0.294874503498114,-0.236907511474352,0.0280873699615727,0.346223685675125,0.490446766750192,0.370937328667602,0.115365582811375,-0.113561921447414,-0.0596035228373327,-0.204783525609451,-0.129214264495971,0.174066684399825,-0.0960689028909909,0.096940429498908,0.442301128837936,0.159780324941677,-0.223778825333087,0.240907295482611,-0.10038673967231,0.406817555652256,-0.0794943735765016,0.0564850079087583,0.00564940760102078,-0.132694927964104,-0.204412955239096
0.386446147342738,0.122445979891337,-0.224866442766289,0.191151932980674,0.309912680763827,0.471565737769231,0.0128619888540337,0,0.0749044287672243,0.253546450209046,0.416227722986921,0.119909942516813,0.116634229101673,0.205874189351591,0.0128845332993899,0.123755627048341,0.17090303475689,0.0679336997264777,0.00523862132745537,0.171338925054694,0.17733115469324,-0.126464833331674,0.270674661715152,-0.159576615874601,-0.0800765480497319,0.15747218044405,0.110688837660045,0.175372497082153,0.240241685561849,0.226094326518084,0.0840510515658433,0.0828236656092169,0.0843260017533645,0.0739925839334571,0.269742130751295,0.0667423234024458,-0.335571963538972,0.144011295249512,0.371151629146034,0.317744396229567,-0.106681819420663,0.701400992040989,-0.136459956694905,0.177994919725434,0.178575195517766,0.0384213331412851,-0.0647857932130976,0.154576528557054,0.128688167710669,0.193260407060382,-0.0811629408864091,-0.24464234469247,-0.0832963878742843,-0.0166272700933946,0.20024169507271,-0.0328921861306522,0.154731550855754,-0.160453842268889,-0.104128862042966,0.0383253067197188,-0.173222573790346,0.254707718332759,0.274114183642707,0.0240237882148945,-0.082426420813976,0.239162210865141,-0.0189671407589047,0.00681889498429688
0.0816183258996972,0.122977721941546,0.072476527210912,0.558827052817836,0.192018148329868,0.359727942001621,0.56225666031551,0.0749044287672243,0,-0.0608858366610968,-0.102460628778009,0.39169549830084,0.554502533115266,0.0836088227408941,0.593991691758297,0.3523683655184,-0.140571805056309,-0.268648674155755,-0.121317152802955,0.489418770045445,0.234013954047589,0.259662240866121,0.153906366622377,0.710357969923346,0.392331426929449,-0.225871860356852,0.375950417213153,-0.0797349205934604,0.321884982337,-0.132594083523407,0.296975897765285,0.106382097474548,0.108563511229406,-0.118704528050704,0.153737628199842,-0.027472551121946,-0.20848309492466,0.377872384756774,0.150543405676526,0.431936861050011,0.439362766986223,0.0110177938194328,0.720533751992547,-0.038503359041509,-0.157863167440562,0.328881997824431,0.481763513204268,0.0544747318665504,0.570423712675503,0.248564390705197,-0.146209536900996,-0.396420524573656,-0.230540392901271,0.231164520835246,0.075972309379009,0.1059587409586,0.16940155629553,0.634696946680216,0.349163167965847,-0.30566586994779,-0.0614261622868629,0.00961712519125776,0.210080753844667,-0.162540467264528,-0.231691048601159,0.0285400180901414,-0.000576573072315493,-0.144047528829871
-0.098748230346013,0.271290488481482,-0.268294861627601,0.00393044140367318,0.207452989150172,0.466896656713187,-0.27760255338277,0.253546450209046,-0.0608858366610968,0,0.156167115465668,0.233870345547095,-0.169168649767738,-0.22539471839903,0.0079679502495849,0.0221930835234061,-0.0732206975948682,0.00429728583287409,-0.128127363024929,0.153662308665079,0.0405047443401723,0.131543984341166,0.0851382123769368,-0.139246597974564,0.0783954278070354,0.0446288256200536,-0.00784406554682074,0.24298178107026,-0.162573508108978,-0.0526215504222476,0.0257225111324648,-0.142606493389172,-0.0358555032648417,0.238876360356188,-0.139437814000636,0.449835579126396,-0.140769004513953,0.141026177009188,0.180174520818535,0.468445578784043,-0.0484291389528644,0.123495939453022,-0.112139164322728,0.863603411522343,0.125480757989691,0.205311283803748,-0.0676537661432886,-0.15160127414509,-0.0529242489396334,0.119743026602159,-0.110880747032269,-0.0557444735023556,-0.0443320262711721,0.304850688161871,-0.078973315408085,0.358849891210804,0.0531509627550991,-0.0997822967360526,0.0632415349442058,0.0951739116388731,0.0238105801700656,0.436611181356704,-0.124975303223942,-0.0366995191699901,0.111770139659135,0.0190586852998919,-0.0441472612756117,0.126107867435
-0.0197738301281359,0.00692627203242213,-0.074303574847657,-0.0307762001588356,0.149703344876478,0.164436010938106,-0.121528882141184,0.416227722986921,-0.102460628778009,0.156167115465668,0,0.0724933651058156,0.1598407651699,-0.0403612611324825,0.0687853090104096,-0.14707402305175,0.0887105011145916,0.227956575325196,0.234942763113986,0.0268657974541402,-0.0698057526985344,-0.223626698553211,-0.0179412465488168,-0.356949577682354,0.0585498023865651,0.294089817258341,0.0335327537523894,0.0948813421218345,-0.0837429354741271,-0.0217830310309324,0.0364337621516532,0.0696098172236765,0.0393851215254924,0.128207711587049,-0.123965351643682,0.0480622375267285,-0.0904353881727916,0.157652033639347,0.211671997630924,0.164156988869143,-0.262040324749407,0.339525651748676,-0.296160685025696,0.189696429285936,0.488069477987643,0.0580960682948577,0.0603523680914928,-0.0120193537512828,0.0248727385198662,0.0412566825137476,0.0179697123499969,0.183861294973379,0.177626287404529,0.0827030268063196,0.0126083284797401,-0.167497393195495,0.0118345458800637,-0.398302127760341,0.112245574775061,0.100906242780185,0.0377467817649412,0.106825054986174,0.0416595642291202,-0.114445139409733,0.121452741507605,0.0709731791408919,-0.0100146423354514,0.146309392324149
0.00934115921577071,0.288129947952636,-0.241050785550332,0.732637229218072,0.166012561581932,0.602043351520874,0.114512483713451,0.119909942516813,0.39169549830084,0.233870345547095,0.0724933651058156,0,0.0471458055166034,-0.246399701875311,0.413627154419865,0.271431841399177,-0.0702072937475657,-0.230360004852903,-0.308441272233057,0.800211869430134,-0.0331825312739501,0.138077165471387,0.0390157358476758,0.260437590902032,0.139864784436575,-0.107892321658424,-0.00405457182724131,-0.104129982809109,0.118300965958156,0.00639788791780963,-0.0416410822743799,-0.108850811568078,0.222217015171153,0.237726364938239,0.0917722771595648,0.309304296144796,0.0352149370855623,0.712956118922736,0.379944777422059,0.549377166427468,0.362256873817766,0.0256127876884978,0.405233163190936,0.152684144662454,0.366832744234757,0.786587191581883,0.171019762751253,-0.0590703602159546,0.483777301176725,0.236851187566224,0.0996416526776084,-0.203502525131202,0.00333429028470443,0.695252249715007,-0.0963571281497229,0.264003147021994,0.0961308139114584,0.359458049685686,0.186023900092859,0.171402730186766,0.102241879531293,0.220971254595451,0.129175156667002,0.155990152740561,0.0118220954191709,0.230533461818719,0.138253129757391,0.207922842143188
0.151523956255666,-0.0718012772863048,0.191061476943515,0.231769077600173,0.244665172225694,0.291158765201781,0.57954398431981,0.116634229101673,0.554502533115266,-0.169168649767738,0.1598407651699,0.0471458055166034,0,0.354983142649125,0.340694262590709,0.154996299984864,0.0344651569666496,0.0552502107188045,0.121619885531842,0.0873614752585092,0.158220025935591,0.122286297793982,0.0520008402716165,0.36635498889012,0.577985983989809,-0.226086198219894,0.580248506263707,-0.161241836609932,0.403218651413761,-0.325906817421265,0.490361741086389,0.344989394071251,0.0120291440501917,-0.195539050825851,0.170684188176192,-0.156351665034893,-0.24346159099818,0.16023212230876,0.124741804296928,0.383733124908117,0.196456610105995,0.172801859964682,0.397899517435421,-0.192623610325227,-0.0242900799335647,0.0805564496223726,0.685794574728009,0.299875395040547,0.334275358706122,0.147127130671303,-0.226502169108605,-0.0645537630250154,-0.183641597668065,-0.0822151323558139,0.0777908231286671,-0.132867905012134,0.141261890684793,0.221710926627637,0.540551794751124,-0.402524388259423,0.175633669289383,-0.178330424646047,0.327534228246192,-0.35677571059139,-0.00803284893962407,0.122569745937868,0.0471501169822694,-0.164322134203444
0.647565403326577,-0.108278725148044,0.422036987120449,0.025972456569,0.0529362416056933,0.0352282206078602,0.593169814693695,0.205874189351591,0.0836088227408941,-0.22539471839903,-0.0403612611324825,-0.246399701875311,0.354983142649125,0,-0.04795966264498,-0.130265538856654,0.471195878498283,0.392826321315351,0.40657899133514,-0.221431196814026,-0.0609231953941944,-0.138423464527483,-0.170630373398823,-0.00590506246032188,0.0120283585779015,0.0261487131803785,0.424421354662248,0.117009676495859,0.450967353542732,0.151062071627841,0.218293110993682,0.231156280885537,-0.152612491736337,-0.238929114089961,0.563755732493033,-0.226229991967213,-0.0143325237941211,-0.11253315221916,-0.00923837634140693,0.0157877440639453,0.0969565837417808,0.394385120664376,-0.0586608255584848,-0.232332870133859,-0.150851137084476,-0.307338789682484,0.0139862674398097,0.688917305178391,0.0746518239475132,-0.103758631170447,0.00139513451456064,0.264676966030807,-0.0106010053836144,-0.393858187805502,0.146266999836814,-0.295098825652979,-0.0632284168743599,-0.0748593583368664,-0.069742670096766,-0.120948530558286,0.260988124840977,-0.162155112601328,0.415006156829065,0.024370133303183,0.172134181652678,0.0884108900617973,-0.0547651966741077,-0.134540241293127
-0.0329218984822843,0.340728434806245,0.0922388035178431,0.444920943251706,0.294059857748119,0.385249014424181,0.365942997759009,0.0128845332993899,0.593991691758297,0.0079679502495849,0.0687853090104096,0.413627154419865,0.340694262590709,-0.04795966264498,0,0.215975970864647,-0.221300156955578,-0.27099747538547,-0.160785365245952,0.385882989089811,0.0812202938001595,0.152462493444011,0.0760429249154598,0.543785056391212,0.533851960777082,0.0295090334582796,0.272936852300347,0.0684833392913387,0.364933259175256,-0.105686277663872,0.122644438587589,0.0976177438459734,0.0976695609582644,0.184405360887583,0.0767479046274805,0.145785416292591,0.158596167954525,0.320312782718994,0.182037423536968,0.51137000767238,0.604828652681696,-0.0806163314465119,0.497151990014663,0.048055416747866,0.0154956130618148,0.341212735281153,0.4865227275543,0.147694013752836,0.743826952816475,0.158037567070283,-0.00398039343333734,-0.195920944143739,0.00818277230386667,0.299822189266668,0.0397313595542971,0.0883282443160429,0.252180483843414,0.465375444017457,0.426041355179575,0.0601676460870123,0.0814475833887329,0.144426094132768,0.220386066776567,-0.0325285002937947,-0.101353861761749,0.165679437574849,0.0990929403014141,0.089609509864058
0.170553948674137,0.174826459106869,-0.0376248704290607,0.462802105990041,0.119046597776717,0.224689052896093,0.242160189342126,0.123755627048341,0.3523683655184,0.0221930835234061,-0.14707402305175,0.271431841399177,0.154996299984864,-0.130265538856654,0.215975970864647,0,-0.0768573847876937,-0.161543828943717,-0.298374456709457,0.40025633246708,0.564907659621564,0.498689554893952,0.570030712897755,0.415807912295848,0.24265700336771,-0.0919869827092853,0.317344109059919,0.0554219231507193,0.0699801501852507,0.322502428077365,0.0481361226851677,-0.149587007494247,0.167774372390211,0.214937710400175,0.112239439202457,0.109499600940641,-0.130736195940349,0.190338169383004,0.0478718697212162,0.214790267266657,0.209663242639881,0.0182500050065301,0.34366151072106,-0.0420324315943016,-0.119659610393554,0.208876138277283,0.12478505314717,-0.0565486843001032,0.235960956790826,0.770098429900822,-0.13644615083827,-0.344919690121359,-0.251704361776965,0.0652550543117885,0.302069112039773,0.439155628339943,0.456140564246032,0.365533030157913,0.210157543545901,-0.14634370899057,0.148749871420119,0.136853253609695,0.118112719729637,0.207237896772719,-0.241711646339139,0.0293839318405611,0.0946558217198658,0.225151876258838
0.604504420164206,-0.044973096660594,0.332908934523452,-0.00128722248575849,-0.127683690019764,-0.0344526606576232,0.215587340093018,0.17090303475689,-0.140571805056309,-0.0732206975948682,0.0887105011145916,-0.0702072937475657,0.0344651569666496,0.471195878498283,-0.221300156955578,-0.0768573847876937,0,0.739389736224755,0.721484001401215,-0.00981882336663269,0.00339890744212787,-0.0629260446539136,0.0803602755588144,-0.221820582137497,-0.238837514313195,0.121507732399562,0.346071632924544,0.0159524922628673,0.348458882101863,0.358102555921004,0.0419292671857739,0.0757812101488209,0.0877878503516311,0.0571866054408983,0.471360652997576,-0.0376264380002,0.0368706424646051,-0.0479579807475972,0.0403562589479691,-0.0636816439253477,-0.209748386248674,0.243573600287712,-0.166346342302875,-0.119588670977155,0.0417456693350339,-0.048368347242669,-0.309841238183017,0.149071610959504,-0.0436546058061205,0.0133895825806172,0.404638049698284,0.415471310553695,0.350377347651055,-0.129408054840373,0.271089833721038,-0.182677185976523,0.0850778137194677,-0.213086907263987,-0.255706828008277,-0.125922259557163,0.325052205218221,0.0346089557136727,0.371842007108385,0.19437719465158,0.130279900615842,-0.0674042206856353,0.0949799320827812,0.178619927026474
0.486604471954948,-0.0410031435537331,0.387607654045078,-0.104953326675857,-0.204270557644786,-0.176163291661269,0.102759685647824,0.0679336997264777,-0.268648674155755,0.00429728583287409,0.227956575325196,-0.230360004852903,0.0552502107188045,0.392826321315351,-0.27099747538547,-0.161543828943717,0.739389736224755,0,0.755892188508797,-0.221529128931379,-0.0767676504271894,-0.161266474767495,-0.124719012198109,-0.285208141788695,-0.145574215422368,0.268167455436179,0.353599682083083,0.127374014689072,0.159541643764953,0.091077982245651,0.155983198163886,0.00508186427991405,0.033527261148355,-0.0657872996543079,0.327709612465065,-0.0842173392170026,0.0510580534590401,-0.0739661194331371,-0.0584237239718878,-0.0906456156996373,-0.29160654506266,0.16830105209224,-0.283915808440719,0.00911796224925803,-0.00323463476689182,-0.142682311622516,-0.278203583240483,0.0984451587005092,-0.0937644694963252,-0.0832909927229866,0.07960003716083,0.590857302308319,0.175700587112325,-0.183683629615288,0.105936026866751,-0.316742926618254,-0.12998648688793,-0.338077976054271,-0.150010609255538,-0.0972479995335819,0.237495046720102,0.0258426085567863,0.223756562411979,-0.0426950545286845,0.194491458835666,-0.235850979640101,0.0647979827546724,0.0199130390571182
0.274886887305066,-0.183730444968636,0.519590719038703,-0.263380825444465,-0.243040243353091,-0.223456753162665,0.12694926352243,0.00523862132745537,-0.121317152802955,-0.128127363024929,0.234942763113986,-0.308441272233057,0.121619885531842,0.40657899133514,-0.160785365245952,-0.298374456709457,0.721484001401215,0.755892188508797,0,-0.242226156866683,-0.052502865657517,-0.198742644268938,-0.0191023182046877,-0.256883571469494,-0.185634679369688,0.175182503838406,0.257683577754516,0.0784761833787666,0.11783374986637,0.0960789093325597,0.0715513970940028,0.0251833031274157,0.0413381175865775,-0.114614319394786,0.152894681964117,-0.191228844966274,0.206550379108304,-0.212271250693874,-0.112098290524567,-0.171527250731264,-0.174862359841735,0.0942079360422549,-0.214089842407068,-0.0869303331131362,0.0270344796040585,-0.252272190198054,-0.197554115471621,0.168324989518108,-0.040968008709232,-0.13231393695258,0.269560058514447,0.546298340048688,0.395360628521603,-0.23422406919157,0.141492985800044,-0.367437982832271,0.00146642741315588,-0.284643917419183,-0.136828461116257,-0.0808620407038338,0.132301766939654,-0.111148189562354,0.099817663882052,-0.0454943493526935,0.178731763551646,-0.179028425436998,0.067834634540155,-0.00192681421209497
0.0636594718741421,0.184117682247637,-0.24812919369148,0.775191574757267,0.116053710051846,0.450998493714495,0.151693890141374,0.171338925054694,0.489418770045445,0.153662308665079,0.0268657974541402,0.800211869430134,0.0873614752585092,-0.221431196814026,0.385882989089811,0.40025633246708,-0.00981882336663269,-0.221529128931379,-0.242226156866683,0,0.0750312316918138,0.0832572540000443,0.167035038703355,0.27979235400249,0.0477798343616726,-0.209317347730108,0.0312812597866954,-0.237594859519334,0.0879139434820615,0.035936050686841,0.00900725898280027,-0.0468669902296809,0.231193597755291,0.0619414321677682,0.0487159606506307,0.161169371425072,-0.0828716817334133,0.63874143833818,0.3006882940943,0.450771736279902,0.291262538983448,0.030771123704762,0.413349318032883,0.15309556515688,0.291250705571236,0.624435641406487,0.0954356787948265,-0.128554375456775,0.416915261548871,0.385917576561538,0.138722759244617,-0.270975689334342,-0.0304309474414674,0.658979314149581,-0.0244708690616255,0.180283338702248,0.192796125044024,0.353401542795825,0.109398120114801,0.0102136281310444,0.0368843788943827,0.0549324677178397,0.118776813693733,0.112484823652366,-0.0800664206378022,0.177118126501687,0.10186396108604,0.066725094608524
0.0814671662913393,-0.0502860254542501,0.0981287185354459,0.089041642116073,0.153101383728192,0.202272288187924,0.125050334860284,0.17733115469324,0.234013954047589,0.0405047443401723,-0.0698057526985344,-0.0331825312739501,0.158220025935591,-0.0609231953941944,0.0812202938001595,0.564907659621564,0.00339890744212787,-0.0767676504271894,-0.052502865657517,0.0750312316918138,0,0.266710734068735,0.762172663916873,0.225650755713425,0.087247978342438,-0.0645210085408504,0.218647877701931,0.123183618792373,0.0155937105422007,0.326884497887927,0.0990241873701642,0.0885382680015453,0.199958966196261,0.198430930704446,0.0785241565763506,-0.0783625864586206,-0.186244988154082,-0.0837345172913384,0.0643142245319781,0.0891648065435709,-0.0725772372690286,0.108075277341478,0.13448740134884,-0.0208418671353438,-0.26077370360686,-0.0506924620866931,0.0636754710738068,-0.0453294469907279,0.0341427496912385,0.563522820999935,-0.125587611674702,-0.378030598873462,-0.248039898407054,-0.0751588935563811,0.689551687919708,0.105977651776988,0.704139807216059,0.141451020361336,0.0589756452200734,-0.201748972912989,-0.119752431401043,0.054718933118358,0.113469079787266,0.133571780128191,-0.295065920741196,-0.0553217300828369,0.146396815962085,0.229213597429833
-0.030092594202314,0.453644573744549,0.0375252975607302,0.0903926185809416,0.0979741312701793,0.110469756518734,0.185019746480255,-0.126464833331674,0.259662240866121,0.131543984341166,-0.223626698553211,0.138077165471387,0.122286297793982,-0.138423464527483,0.152462493444011,0.498689554893952,-0.0629260446539136,-0.161266474767495,-0.198742644268938,0.0832572540000443,0.266710734068735,0,0.365480105473172,0.403749159846081,0.400997218762802,0.156700557906946,0.449244660324008,0.0536585932888409,0.000557144914850887,0.197657384632886,0.10719959034584,-0.0715771404216581,0.0860058449128847,0.274232274176291,-0.0796513705500988,0.395246078675621,-0.00707388283131619,-0.0672188117936666,-0.0485087609052138,0.125595189255129,0.26659765968768,-0.132530594922532,0.404387776411142,0.00412358188697018,-0.214397150309255,0.111212850739467,0.201330374953024,-0.117993557367928,0.069996280348473,0.409383687635981,-0.227834411536518,-0.291603558992998,-0.240842533903931,0.0162664926694116,0.174899829363579,0.666054434429081,0.339095941341696,0.392752881868392,0.306716319095404,-0.0895287649298827,0.372706011421665,0.143673759506244,-0.0474254361956388,0.14380047650886,-0.0629605678863418,-0.041163795717005,-0.0360355617027202,0.220248389521861
-0.00309536560306314,0.0439366425452722,0.094099910839368,0.0226646774295668,0.158292264362413,0.225881828839272,-0.00659555475141142,0.270674661715152,0.153906366622377,0.0851382123769368,-0.0179412465488168,0.0390157358476758,0.0520008402716165,-0.170630373398823,0.0760429249154598,0.570030712897755,0.0803602755588144,-0.124719012198109,-0.0191023182046877,0.167035038703355,0.762172663916873,0.365480105473172,0,0.0439632400832535,0.0737816408516533,0.000949227292569443,0.293651963231214,0.105885313085666,0.0199086411534456,0.501039214881369,-0.00987402948154461,0.0203345933078635,0.27657526413855,0.317704505617586,0.0019849267272106,0.0456370391647896,-0.0188680279372892,-0.130247828665427,0.175201386207309,0.122175256750335,-0.00606086411017731,0.106566871733126,0.100565458014593,0.0626061230733282,-0.0642361092768001,0.00631795719041528,-0.00184448554690024,-0.0796389853602921,0.0611900779874913,0.661680839587439,0.102412185923041,-0.366969267464193,-0.0637896187943845,-0.0275294978378874,0.511218701325153,0.261336786392343,0.749991709126312,0.0517712953342451,0.0490795098975585,-0.0805315763551555,0.0174184574516841,0.0686374984761679,0.120345325216894,0.261995024276728,-0.203871364909692,0.129067428950165,0.221148376109699,0.316878597818879
0.0886088281125971,0.231554371923453,0.160684343322075,0.457485405071627,0.151428378798624,0.14386552891401,0.566993262978096,-0.159576615874601,0.710357969923346,-0.139246597974564,-0.356949577682354,0.260437590902032,0.36635498889012,-0.00590506246032188,0.543785056391212,0.415807912295848,-0.221820582137497,-0.285208141788695,-0.256883571469494,0.27979235400249,0.225650755713425,0.403749159846081,0.0439632400832535,0,0.414260344081342,-0.0503714157547888,0.299411015678154,0.0352018728020423,0.286290999266405,-0.0787745679289613,0.315908275860671,0.0705355750956876,0.000499102374549532,-0.0724616915264904,0.202200268273822,0.00968971241680935,0.0197602300542919,0.25989632906839,-0.0554811366485783,0.209815567801501,0.598768405149361,-0.188328905745958,0.754863147192809,-0.180319809208838,-0.286346112679993,0.322841539569139,0.43850955732228,0.0246963687680199,0.436144469079525,0.0905984239058688,-0.279380594054413,-0.379790238380335,-0.31758546674937,0.212276689558492,0.132982672957211,0.187619948236031,0.077766956560011,0.80711858933816,0.309758512123178,-0.147050157091061,-0.0424347953799602,0.149077532907749,0.164584473444778,-0.0709676396550366,-0.241233363963486,-0.157680708446961,-0.0870495872586143,-0.160377511418284
-0.0694369416852035,0.461556820697313,0.107540751960408,0.168612523818496,0.252850968017043,0.255318486890571,0.28229712829963,-0.0800765480497319,0.392331426929449,0.0783954278070354,0.0585498023865651,0.139864784436575,0.577985983989809,0.0120283585779015,0.533851960777082,0.24265700336771,-0.238837514313195,-0.145574215422368,-0.185634679369688,0.0477798343616726,0.087247978342438,0.400997218762802,0.0737816408516533,0.414260344081342,0,0.0380196694824333,0.515027955200393,-0.0380439870574393,0.307238460760926,-0.288551379478364,0.231802153491186,0.0996428237508877,0.0160278220750947,0.200299821422854,-0.0184983824537965,0.291010768005487,-0.0391822926120901,0.0949289639201982,0.173943838874349,0.416400720865542,0.307550993750286,-0.120763366256879,0.378906512360426,0.0474956045462188,-0.0141985164314196,0.127112072359646,0.68989779088313,0.131909404185712,0.367381116428876,0.122619142366757,-0.264589534066957,-0.114799599135819,-0.211112071349741,0.0175123863948154,-0.0255269492326856,0.237614141941385,0.167843471884754,0.302986388946718,0.829764133243614,-0.107092014940435,0.268218082413392,0.00178750344935771,0.203520899528791,-0.288064127592107,-0.0316016828466677,0.190203120011351,0.137158457547786,0.122543625027677
0.0729684610467579,0.325304579566037,0.294707949502248,-0.128891878370423,0.103291521746754,-0.0167427884154435,-0.0541529480660291,0.15747218044405,-0.225871860356852,0.0446288256200536,0.294089817258341,-0.107892321658424,-0.226086198219894,0.0261487131803785,0.0295090334582796,-0.0919869827092853,0.121507732399562,0.268167455436179,0.175182503838406,-0.209317347730108,-0.0645210085408504,0.156700557906946,0.000949227292569443,-0.0503714157547888,0.0380196694824333,0,0.221888066998343,0.358662930740677,-0.0919616156706972,0.20534463539064,0.00963699569491187,-0.181097052185566,-0.0963019384511859,0.126202846311098,-0.033499926381485,0.151101668683313,0.242902821872824,-0.140461672597955,-0.0588263490074858,-0.0700691974595769,-0.0114666887415001,0.0742719698719255,-0.193157469016414,0.0316651243579046,-0.127412486856168,-0.0533367704488178,-0.158076667515367,0.0150440772329258,-0.0973870378336404,-0.0935968570897352,-0.222770402586398,0.122489191980457,-0.17780136084183,-0.11172595877689,0.174231905537691,0.0157816355538853,-0.0394870197234759,-0.110081562795413,-0.0774918462790422,0.48592898506796,0.0493829082046641,0.188395100244308,-0.140377602341676,-0.0341564550492097,0.0858957681716667,-0.183812117214004,-0.124232032668736,0.0583831503943615
0.367930319618318,0.279362637918087,0.469414471721036,0.195586164548822,0.233167873479726,0.248968980211718,0.620968182490744,0.110688837660045,0.375950417213153,-0.00784406554682074,0.0335327537523894,-0.00405457182724131,0.580248506263707,0.424421354662248,0.272936852300347,0.317344109059919,0.346071632924544,0.353599682083083,0.257683577754516,0.0312812597866954,0.218647877701931,0.449244660324008,0.293651963231214,0.299411015678154,0.515027955200393,0.221888066998343,0,0.0979978778614629,0.400060507683995,0.0406347065510388,0.46035247855721,0.195266346149997,0.0891472913524436,-0.00456839258837388,0.349613150133245,0.0907703115951982,-0.0288277590711554,0.0513336007809959,0.114887286137372,0.334387627898057,0.219940619993511,0.184430986197926,0.307995688992002,-0.0591793714010283,-0.222904309260539,0.00284625932286968,0.384998665732333,0.304681371370222,0.257869748918703,0.282955486867032,-0.160180014301783,0.0431975008684741,-0.197944264308704,-0.155429016885127,0.242648497103895,0.123938033973729,0.26596645455078,0.222540824419225,0.380958645582661,-0.212903934259852,0.528793872167655,0.00666884095638449,0.330093951751526,-0.170537288990159,0.174843210857392,0.0769522555388265,0.0552915492145032,0.00784258074393346
0.0482226853996486,0.149624342644449,0.200468694052874,-0.0301400433769356,-0.0639023033801575,0.0259251363922962,-0.000944362836317755,0.175372497082153,-0.0797349205934604,0.24298178107026,0.0948813421218345,-0.104129982809109,-0.161241836609932,0.117009676495859,0.0684833392913387,0.0554219231507193,0.0159524922628673,0.127374014689072,0.0784761833787666,-0.237594859519334,0.123183618792373,0.0536585932888409,0.105885313085666,0.0352018728020423,-0.0380439870574393,0.358662930740677,0.0979978778614629,0,0.0653020912023274,0.163538731995952,0.0239217703893427,-0.156325571604617,0.0304684589832324,0.14251081287572,0.00270146977346349,0.0950651377636079,0.121952887235495,-0.0249232345127561,-0.08373438896915,-0.0672283422077447,0.100646330443253,0.190706279260536,-0.0800510877956839,0.100775410876373,-0.187402548182705,-0.122908450749711,-0.139101094448716,0.158018734619476,-0.0359246298110328,-0.0260072944462167,-0.137117377846385,0.0329563926716466,-0.00948431263555692,-0.19909210972858,0.205255621151525,-0.0375407714069474,0.0286737612144497,-0.0915283138249023,-0.115134069525364,0.267151840975095,0.0319961001681938,0.653159763234073,-0.0333117072250009,0.0647348213958,0.10523229446288,-0.119498279653505,-0.113931793973806,0.164336186081396
0.609223544675149,0.156726504849314,0.173692485148009,0.280539272119304,0.0766628394272521,0.207408541402256,0.495955678215656,0.240241685561849,0.321884982337,-0.162573508108978,-0.0837429354741271,0.118300965958156,0.403218651413761,0.450967353542732,0.364933259175256,0.0699801501852507,0.348458882101863,0.159541643764953,0.11783374986637,0.0879139434820615,0.0155937105422007,0.000557144914850887,0.0199086411534456,0.286290999266405,0.307238460760926,-0.0919616156706972,0.400060507683995,0.0653020912023274,0,0.0824571981427498,0.184775942059969,0.318996863683952,0.227696051092288,0.0828621555663547,0.584383408919766,0.0704680055099236,-0.0501828152521965,0.123600867192876,0.169856455588579,0.243986611802374,0.238469467222145,0.274835141354219,0.299712895084104,-0.189526434926731,-0.0143304021017405,0.0519218956001818,0.264187904244542,0.425229686790516,0.427063669782559,0.0106607331831818,0.0588166054643593,0.0261608739308269,0.0652708521954803,-0.145477992547263,0.171525356693897,-0.157599243052459,0.0884585913872046,0.224488432751323,0.226308727284053,-0.128684816590529,0.180724343298736,0.167564167673624,0.79420604754657,0.038488744695987,-0.036079353524863,0.250294327432296,0.121932418429078,0.0971416134131517
0.361720561069309,0.0532414490400797,0.0011654044165163,0.0323969823149181,-0.0229912346350551,-0.0108543304107333,0.0392868269966892,0.226094326518084,-0.132594083523407,-0.0526215504222476,-0.0217830310309324,0.00639788791780963,-0.325906817421265,0.151062071627841,-0.105686277663872,0.322502428077365,0.358102555921004,0.091077982245651,0.0960789093325597,0.035936050686841,0.326884497887927,0.197657384632886,0.501039214881369,-0.0787745679289613,-0.288551379478364,0.20534463539064,0.0406347065510388,0.163538731995952,0.0824571981427498,0,-0.213533781742213,-0.139463870376989,0.0978050810879716,0.464796738555155,0.322704875059971,0.100492699581282,0.0533723007369551,-0.12182639317714,0.125424021165609,-0.114711944272176,-0.0271355059864554,0.186765778443801,-0.197253375229024,-0.0758113299495852,0.0213670884097281,-0.0259343456223699,-0.491411247448814,0.100688453509252,-0.0917689146211942,0.370048985211283,0.343289969067268,-0.125385648863113,0.18871351413722,-0.0864064492816951,0.433663340133912,0.259509892698683,0.360017151495502,-0.0812782121709686,-0.432663743041212,0.112285696442494,0.0713515121031748,0.245973701163935,0.194368128041202,0.784356308841026,-0.141612882143333,0.0498648778820323,0.165401777394586,0.458190389379516
0.189445504971225,-0.016282802220383,0.236636789932178,0.150681629532631,0.229815069626609,0.211600986464947,0.379188430545325,0.0840510515658433,0.296975897765285,0.0257225111324648,0.0364337621516532,-0.0416410822743799,0.490361741086389,0.218293110993682,0.122644438587589,0.0481361226851677,0.0419292671857739,0.155983198163886,0.0715513970940028,0.00900725898280027,0.0990241873701642,0.10719959034584,-0.00987402948154461,0.315908275860671,0.231802153491186,0.00963699569491187,0.46035247855721,0.0239217703893427,0.184775942059969,-0.213533781742213,0,0.2805075787895,0.105032650702686,-0.277014615263463,0.219178418470648,-0.146549642494201,-0.234442656107086,0.178852983895943,0.0334702300762982,0.237331057915903,0.057807884587912,0.202339088253053,0.27827120360402,-0.014241694510496,-0.154947017282905,0.151850151462874,0.255008327118736,0.0984047919847196,0.0840996093936293,-0.010454071148691,-0.293745987781819,-0.115911793383011,-0.346573901309344,-0.00424593208495344,0.0678651598685096,-0.182736259397552,-0.0287687654734131,0.215561406873744,0.164423469902675,-0.362889876191977,0.0909280937532806,-0.0395692864837955,0.192085983597948,-0.269827878955783,0.29551072711244,-0.222366193657191,-0.00762835590314644,-0.27006464513277
0.168430562781656,-0.14772358242194,0.140893595009985,-0.0860047751981079,0.258287316028427,0.0365679318011227,0.293771433568886,0.0828236656092169,0.106382097474548,-0.142606493389172,0.0696098172236765,-0.108850811568078,0.344989394071251,0.231156280885537,0.0976177438459734,-0.149587007494247,0.0757812101488209,0.00508186427991405,0.0251833031274157,-0.0468669902296809,0.0885382680015453,-0.0715771404216581,0.0203345933078635,0.0705355750956876,0.0996428237508877,-0.181097052185566,0.195266346149997,-0.156325571604617,0.318996863683952,-0.139463870376989,0.2805075787895,0,0.0768538670350913,-0.202249947081321,0.229902522470239,-0.154368643415029,-0.187557908217899,-0.00752662075208807,0.119324726247385,0.136378051114443,0.0202242496257222,0.280744227422535,0.0664336381808633,-0.0509632405508511,0.0015936712128507,-0.102917649591597,0.27478158107732,0.225809996558276,0.0542863993525621,-0.171513525435563,-0.0906199176214414,-0.126944794996292,-0.0708649896233467,0.0196052856744835,-0.0674188174831955,-0.292350335082508,-0.0719165418396032,0.0172319920198311,0.0768114374203603,-0.348947286728181,-0.0171427804899796,-0.197060866471453,0.28106527969048,-0.233613387063413,0.102309656837979,0.136636544585357,-0.00150394786746147,-0.176893701304109
0.0481249045802658,0.247883541212978,-0.0598928558973259,0.187646900695527,-0.0833516727059162,0.109230962391142,-0.111811180777109,0.0843260017533645,0.108563511229406,-0.0358555032648417,0.0393851215254924,0.222217015171153,0.0120291440501917,-0.152612491736337,0.0976695609582644,0.167774372390211,0.0877878503516311,0.033527261148355,0.0413381175865775,0.231193597755291,0.199958966196261,0.0860058449128847,0.27657526413855,0.000499102374549532,0.0160278220750947,-0.0963019384511859,0.0891472913524436,0.0304684589832324,0.227696051092288,0.0978050810879716,0.105032650702686,0.0768538670350913,0,0.257851006090172,0.0935571754157996,0.279056457563109,0.0586083015901791,0.160237812921455,0.128562282103614,0.0719326312337423,0.0100866796129664,0.0752938241028011,0.225721837590713,-0.0562943134934632,0.100902309664783,0.25465258116186,0.00054291887140894,0.0452601894657502,0.287970344991237,0.195747594883831,0.0910708435258729,-0.0182783727448117,0.106560375512155,0.0917810091281462,0.275345585094459,-0.0726723239690079,0.278442946737386,0.164963317775976,0.150955770659277,-0.0546389107553366,0.147940232451274,0.128112526612543,0.289340847776753,0.178250956218222,0.0414981503439998,0.00319578238856231,0.595950033464327,0.328894657283497
-0.0523166028141068,0.391428083297468,-0.26909424835761,0.0487593012720021,0.0991082083345864,0.269678731435647,-0.236090503030551,0.0739925839334571,-0.118704528050704,0.238876360356188,0.128207711587049,0.237726364938239,-0.195539050825851,-0.238929114089961,0.184405360887583,0.214937710400175,0.0571866054408983,-0.0657872996543079,-0.114614319394786,0.0619414321677682,0.198430930704446,0.274232274176291,0.317704505617586,-0.0724616915264904,0.200299821422854,0.126202846311098,-0.00456839258837388,0.14251081287572,0.0828621555663547,0.464796738555155,-0.277014615263463,-0.202249947081321,0.257851006090172,0,-0.0327356100149408,0.599172253259858,0.110645839835791,-0.0330262528772984,0.296291364797969,0.20232339758887,-0.00588895875511941,-0.0234700644839157,-0.0918678352033466,0.181093575547484,0.211466293506623,0.244218251401309,-0.125829556356355,-0.127568963423248,0.231232561400475,0.236224725938218,0.350790899549143,-0.0808947588000017,0.317706390344065,0.104237829228002,0.244389252833104,0.42314769361811,0.37046140177599,-0.0712724449573266,0.0264819242785474,0.214027859052276,0.0638309044879775,0.356970093940971,0.118867457773251,0.567952868849414,-0.238494754045569,0.111621565027328,0.498324467186442,0.833527549506005
0.746491915265054,0.0610541329810127,0.202444155990419,0.300494591384642,0.121018885846921,0.220770191141052,0.524197475326814,0.269742130751295,0.153737628199842,-0.139437814000636,-0.123965351643682,0.0917722771595648,0.170684188176192,0.563755732493033,0.0767479046274805,0.112239439202457,0.471360652997576,0.327709612465065,0.152894681964117,0.0487159606506307,0.0785241565763506,-0.0796513705500988,0.0019849267272106,0.202200268273822,-0.0184983824537965,-0.033499926381485,0.349613150133245,0.00270146977346349,0.584383408919766,0.322704875059971,0.219178418470648,0.229902522470239,0.0935571754157996,-0.0327356100149408,0,-0.0678729132465263,-0.0631049029444285,0.177980017780754,0.165684295448464,0.158694207916217,0.149680886457266,0.39195848174982,0.116438865513758,-0.239536487589328,-0.101294560829582,0.0376728772241422,-0.105522461971331,0.489639470267667,0.201028973043426,-0.0242820402720598,0.136456695729039,0.0117823333274683,-0.0222803414733442,-0.108550080119491,0.267661402067985,-0.141834504420173,0.00345637508107827,0.162918178860176,-0.133845112993053,-0.146762767371101,0.213831457536042,0.0503794628552059,0.726603015091321,0.232732882724768,0.0702329645556002,0.056624097027416,0.0620642611735829,0.0207232615793221
-0.0508945707206862,0.722296936989153,-0.352062675187295,0.102887852582258,0.0516625916011493,0.20851749859551,-0.233404086227734,0.0667423234024458,-0.027472551121946,0.449835579126396,0.0480622375267285,0.309304296144796,-0.156351665034893,-0.226229991967213,0.145785416292591,0.109499600940641,-0.0376264380002,-0.0842173392170026,-0.191228844966274,0.161169371425072,-0.0783625864586206,0.395246078675621,0.0456370391647896,0.00968971241680935,0.291010768005487,0.151101668683313,0.0907703115951982,0.0950651377636079,0.0704680055099236,0.100492699581282,-0.146549642494201,-0.154368643415029,0.279056457563109,0.599172253259858,-0.0678729132465263,0,0.124894707497258,0.109661963687866,0.148621864697648,0.231304481776751,0.143352965842753,-0.0280606940930239,0.144195840594656,0.324148870861209,0.211216666558074,0.310169523868477,0.094368163035109,-0.0535464023477562,0.205996221084638,0.074976512049624,0.0549073282671305,0.0295890175445727,0.13929327295689,0.224260129195241,-0.0450699994882651,0.557427649059864,0.0476138435567894,0.122185213430227,0.280939390763925,0.317314334944328,0.326442773024283,0.4074846099763,0.00431148240276786,0.262818285589139,0.0206847154393976,0.0733327857450325,0.14752805096848,0.503391427141502
-0.219417617406303,0.0728769963425436,0.432732933292934,-0.136512115113928,-0.0597198968147922,-0.158781750144037,-0.00862146377729883,-0.335571963538972,-0.20848309492466,-0.140769004513953,-0.0904353881727916,0.0352149370855623,-0.24346159099818,-0.0143325237941211,0.158596167954525,-0.130736195940349,0.0368706424646051,0.0510580534590401,0.206550379108304,-0.0828716817334133,-0.186244988154082,-0.00707388283131619,-0.0188680279372892,0.0197602300542919,-0.0391822926120901,0.242902821872824,-0.0288277590711554,0.121952887235495,-0.0501828152521965,0.0533723007369551,-0.234442656107086,-0.187557908217899,0.0586083015901791,0.110645839835791,-0.0631049029444285,0.124894707497258,0,-0.144903274381659,-0.132852851126901,-0.186684828264572,0.487920729471174,-0.303624272641714,0.0910172976807055,-0.0989610796280412,0.153130566859235,0.0295717665992223,0.0997819363685256,0.313509941574358,0.12276250049308,-0.157563182222033,0.268842081219114,0.439932770115714,0.363365566102927,0.0381101864742877,-0.0175456581339283,-0.0109689970012354,0.0141131352531399,0.138011336208383,0.0876205460015021,0.695035301171257,0.308556303567345,0.00877142950483092,-0.101601920335208,0.162919770840849,0.297303235248341,0.0276568121421665,0.0837474744901071,0.0982094945333945
0.0939557026291298,0.167532267466187,-0.235648186538731,0.767351179509477,0.13671335873929,0.437207881633795,0.148638566419542,0.144011295249512,0.377872384756774,0.141026177009188,0.157652033639347,0.712956118922736,0.16023212230876,-0.11253315221916,0.320312782718994,0.190338169383004,-0.0479579807475972,-0.0739661194331371,-0.212271250693874,0.63874143833818,-0.0837345172913384,-0.0672188117936666,-0.130247828665427,0.25989632906839,0.0949289639201982,-0.140461672597955,0.0513336007809959,-0.0249232345127561,0.123600867192876,-0.12182639317714,0.178852983895943,-0.00752662075208807,0.160237812921455,-0.0330262528772984,0.177980017780754,0.109661963687866,-0.144903274381659,0,0.220480378768414,0.457794774923271,0.205561221827708,0.152656759781067,0.332456311747091,0.0275566539082822,0.29297270806034,0.645674995956214,0.106140352117673,-0.0713672976519217,0.385959475248722,0.120250868671187,-0.100228168072707,-0.158639699995972,-0.173567608028519,0.580122192719945,-0.136293385203483,0.0232145704752716,-0.0982769270933033,0.312957976267939,0.092140275281079,-0.0116256274036096,0.0896177184292738,0.297590978120929,0.122762481810882,-0.0187610487442357,0.108670865857725,0.127322706996673,0.0278480363911507,-0.0448779942253434
0.0540145605880108,0.135933237059145,-0.2054994622356,0.27013348547794,0.474374349049415,0.471993851311204,-0.0151156920793637,0.371151629146034,0.150543405676526,0.180174520818535,0.211671997630924,0.379944777422059,0.124741804296928,-0.00923837634140693,0.182037423536968,0.0478718697212162,0.0403562589479691,-0.0584237239718878,-0.112098290524567,0.3006882940943,0.0643142245319781,-0.0485087609052138,0.175201386207309,-0.0554811366485783,0.173943838874349,-0.0588263490074858,0.114887286137372,-0.08373438896915,0.169856455588579,0.125424021165609,0.0334702300762982,0.119324726247385,0.128562282103614,0.296291364797969,0.165684295448464,0.148621864697648,-0.132852851126901,0.220480378768414,0,0.462533243200197,0.0170512892650936,0.438393173137151,0.00233432415870379,0.165286101885845,0.483104411132027,0.295152152916442,0.118896503112355,0.135229910465296,0.320290774558662,0.0640822824807088,0.145921905664006,-0.193129746107425,0.149242734234186,0.220891400029507,0.0689424571079009,0.126080223651859,0.171878106517524,-0.0579353336612813,0.0582442268212372,0.0648956883138321,-0.0951346759978843,0.1095281552932,0.183137146933715,0.146096729780411,-0.0673972714735587,0.457047579072901,0.239974808979463,0.231873419797533
0.0689579633046541,0.228254994977353,-0.142071235320054,0.478497757371941,0.474441362003205,0.837765406786089,0.281738255825558,0.317744396229567,0.431936861050011,0.468445578784043,0.164156988869143,0.549377166427468,0.383733124908117,0.0157877440639453,0.51137000767238,0.214790267266657,-0.0636816439253477,-0.0906456156996373,-0.171527250731264,0.450771736279902,0.0891648065435709,0.125595189255129,0.122175256750335,0.209815567801501,0.416400720865542,-0.0700691974595769,0.334387627898057,-0.0672283422077447,0.243986611802374,-0.114711944272176,0.237331057915903,0.136378051114443,0.0719326312337423,0.20232339758887,0.158694207916217,0.231304481776751,-0.186684828264572,0.457794774923271,0.462533243200197,0,0.345909146157577,0.323173360435583,0.283803111588403,0.445045674537865,0.188522619066426,0.53836725280373,0.35985483629299,0.0643848554655818,0.525411626748799,0.221487025536952,-0.0443785679868329,-0.226139665378751,-0.114004803254552,0.39166044311431,-0.0358909523189359,0.179693880855395,0.14003106929036,0.250918256869549,0.323689265759473,-0.06221752960506,0.083916882126685,0.192961784987864,0.207239290465737,-0.0814102919596716,0.0193912126478081,0.303720021386082,0.134746188749723,0.076469693565056
-0.025699985941275,0.250910176167851,0.221410631599013,0.381168297986135,0.193004871807677,0.252069571842113,0.525701471935565,-0.106681819420663,0.439362766986223,-0.0484291389528644,-0.262040324749407,0.362256873817766,0.196456610105995,0.0969565837417808,0.604828652681696,0.209663242639881,-0.209748386248674,-0.29160654506266,-0.174862359841735,0.291262538983448,-0.0725772372690286,0.26659765968768,-0.00606086411017731,0.598768405149361,0.307550993750286,-0.0114666887415001,0.219940619993511,0.100646330443253,0.238469467222145,-0.0271355059864554,0.057807884587912,0.0202242496257222,0.0100866796129664,-0.00588895875511941,0.149680886457266,0.143352965842753,0.487920729471174,0.205561221827708,0.0170512892650936,0.345909146157577,0,-0.0457213062778456,0.580467778269635,-0.0853515297215085,-0.036117772518308,0.280774588109187,0.437416131159753,0.417455383154601,0.539253333286723,0.0356240022649403,-0.0273359274291985,-0.128497945962907,-0.02709419995023,0.190387535621254,-0.0735571131127964,0.201153499188555,0.0517135880165719,0.688344416293411,0.279563366243321,0.309614538369497,0.190821578513472,0.179721889851151,0.071964474043638,0.0451670665129213,0.0728044782282321,0.149652655090289,-0.0891373170693886,-0.105436753376142
0.428706059309136,0.0131572608128694,-0.0773500727121793,0.151763137222118,0.318987761599553,0.38452111397007,0.154282228388637,0.701400992040989,0.0110177938194328,0.123495939453022,0.339525651748676,0.0256127876884978,0.172801859964682,0.394385120664376,-0.0806163314465119,0.0182500050065301,0.243573600287712,0.16830105209224,0.0942079360422549,0.030771123704762,0.108075277341478,-0.132530594922532,0.106566871733126,-0.188328905745958,-0.120763366256879,0.0742719698719255,0.184430986197926,0.190706279260536,0.274835141354219,0.186765778443801,0.202339088253053,0.280744227422535,0.0752938241028011,-0.0234700644839157,0.39195848174982,-0.0280606940930239,-0.303624272641714,0.152656759781067,0.438393173137151,0.323173360435583,-0.0457213062778456,0,-0.136045892238234,0.035103974100765,0.181094098740656,0.0301955913575,-0.0951137059885991,0.384822116539342,0.0817311583680102,0.0932290576372069,-0.143276910732465,-0.207094307211546,-0.145916713717165,-0.0941135814766912,0.218967266101034,-0.118841653847712,0.0611614356338784,-0.147387544517279,-0.159467970810896,-0.0440104901536766,-0.0835728313006164,0.258793557030332,0.296479891120669,0.0724107072911546,0.00656284685188326,0.271572508108839,-0.0363592673744947,-0.034424291564114
0.0165503017191922,0.23902033148792,0.0653778589456378,0.504172847691764,0.11742149024019,0.191134932606592,0.425054902299709,-0.136459956694905,0.720533751992547,-0.112139164322728,-0.296160685025696,0.405233163190936,0.397899517435421,-0.0586608255584848,0.497151990014663,0.34366151072106,-0.166346342302875,-0.283915808440719,-0.214089842407068,0.413349318032883,0.13448740134884,0.404387776411142,0.100565458014593,0.754863147192809,0.378906512360426,-0.193157469016414,0.307995688992002,-0.0800510877956839,0.299712895084104,-0.197253375229024,0.27827120360402,0.0664336381808633,0.225721837590713,-0.0918678352033466,0.116438865513758,0.144195840594656,0.0910172976807055,0.332456311747091,0.00233432415870379,0.283803111588403,0.580467778269635,-0.136045892238234,0,-0.141169600073423,-0.148544618294673,0.475635045845382,0.557184767401704,0.0445851200456715,0.50481102488035,0.159114357182751,-0.15323553553042,-0.297117146174553,-0.201717193377066,0.280416823677765,0.0327322390929129,0.233093080564992,0.10741569708539,0.77392774444533,0.426545160738472,-0.0906919551006069,0.148472843174981,0.0787721946091292,0.175449454771499,-0.0730839626705113,-0.0657748402254285,-0.0508451341085054,-0.0190342593262601,-0.107604581531759
-0.170415991836995,0.161935175941877,-0.194469999666537,-0.0683001282130313,0.179820816114661,0.300320138439632,-0.294874503498114,0.177994919725434,-0.038503359041509,0.863603411522343,0.189696429285936,0.152684144662454,-0.192623610325227,-0.232332870133859,0.048055416747866,-0.0420324315943016,-0.119588670977155,0.00911796224925803,-0.0869303331131362,0.15309556515688,-0.0208418671353438,0.00412358188697018,0.0626061230733282,-0.180319809208838,0.0474956045462188,0.0316651243579046,-0.0591793714010283,0.100775410876373,-0.189526434926731,-0.0758113299495852,-0.014241694510496,-0.0509632405508511,-0.0562943134934632,0.181093575547484,-0.239536487589328,0.324148870861209,-0.0989610796280412,0.0275566539082822,0.165286101885845,0.445045674537865,-0.0853515297215085,0.035103974100765,-0.141169600073423,0,0.166412975155944,0.171323658885308,-0.0254102531519774,-0.198230101998645,0.0131070618066903,0.0592817324165137,-0.0112152018136603,0.00226122865365057,0.0424787318588208,0.308675300767255,-0.225136030196555,0.238467680773447,-0.0571337370232112,-0.165555447933867,0.0825434559095274,0.092296666047143,-0.0620612089520794,0.220473199788825,-0.189728579685823,-0.0996927262000915,0.0828494580803301,0.0490483293542664,0.0140496164065301,0.0782246313379008
-0.129716861188617,-0.0124869295532787,-0.315832249071886,0.14721969792508,0.0976429678737775,0.158323462993391,-0.236907511474352,0.178575195517766,-0.157863167440562,0.125480757989691,0.488069477987643,0.366832744234757,-0.0242900799335647,-0.150851137084476,0.0154956130618148,-0.119659610393554,0.0417456693350339,-0.00323463476689182,0.0270344796040585,0.291250705571236,-0.26077370360686,-0.214397150309255,-0.0642361092768001,-0.286346112679993,-0.0141985164314196,-0.127412486856168,-0.222904309260539,-0.187402548182705,-0.0143304021017405,0.0213670884097281,-0.154947017282905,0.0015936712128507,0.100902309664783,0.211466293506623,-0.101294560829582,0.211216666558074,0.153130566859235,0.29297270806034,0.483104411132027,0.188522619066426,-0.036117772518308,0.181094098740656,-0.148544618294673,0.166412975155944,0,0.316944836656059,0.105373181147935,0.0613012716497368,0.165123880611105,-0.0797121231448864,0.385045258178307,0.252631616780866,0.501286579448596,0.281005837788817,-0.246844640441917,-0.000646563295533831,-0.0838802661722902,-0.197273122680681,0.0943374648917935,0.299560023594366,0.117181862710952,0.0805840038156092,0.0589003374454362,0.158690533238608,0.155089695869448,0.474890584896142,0.0780855285563487,0.211012609089051
-0.0763580671049202,0.229686811958195,-0.190694898315825,0.595208326121531,0.141905636972221,0.502829234257006,0.0280873699615727,0.0384213331412851,0.328881997824431,0.205311283803748,0.0580960682948577,0.786587191581883,0.0805564496223726,-0.307338789682484,0.341212735281153,0.208876138277283,-0.048368347242669,-0.142682311622516,-0.252272190198054,0.624435641406487,-0.0506924620866931,0.111212850739467,0.00631795719041528,0.322841539569139,0.127112072359646,-0.0533367704488178,0.00284625932286968,-0.122908450749711,0.0519218956001818,-0.0259343456223699,0.151850151462874,-0.102917649591597,0.25465258116186,0.244218251401309,0.0376728772241422,0.310169523868477,0.0295717665992223,0.645674995956214,0.295152152916442,0.53836725280373,0.280774588109187,0.0301955913575,0.475635045845382,0.171323658885308,0.316944836656059,0,0.161236441993256,-0.225462480783818,0.464073689309301,0.142216035772913,0.0801349011612519,-0.210657154659285,-0.0589624836168051,0.731659123855027,-0.0762763430975404,0.182778832063003,0.00917028177862434,0.430888710070722,0.142335429267433,0.0872340198960298,0.0670598847116981,0.255355319488455,0.0710998139389846,0.155616511969893,-0.00818527581596473,0.0732883900286255,0.245858947987972,0.188946672265316
-0.229552926673157,0.116492543466601,0.0867813108322889,0.176289422630087,0.281751019371541,0.199817049053945,0.346223685675125,-0.0647857932130976,0.481763513204268,-0.0676537661432886,0.0603523680914928,0.171019762751253,0.685794574728009,0.0139862674398097,0.4865227275543,0.12478505314717,-0.309841238183017,-0.278203583240483,-0.197554115471621,0.0954356787948265,0.0636754710738068,0.201330374953024,-0.00184448554690024,0.43850955732228,0.68989779088313,-0.158076667515367,0.384998665732333,-0.139101094448716,0.264187904244542,-0.491411247448814,0.255008327118736,0.27478158107732,0.00054291887140894,-0.125829556356355,-0.105522461971331,0.094368163035109,0.0997819363685256,0.106140352117673,0.118896503112355,0.35985483629299,0.437416131159753,-0.0951137059885991,0.557184767401704,-0.0254102531519774,0.105373181147935,0.161236441993256,0,0.23883982551496,0.37454471422343,-0.0313946648435912,-0.199961076787766,-0.0574631076935498,-0.0894121371169602,0.0591049033704336,-0.176688104119804,0.0927913986365075,0.00638451409616763,0.423303927324917,0.749461699813167,-0.00682054474511736,0.230397608916944,-0.143727390524977,0.113173167574326,-0.454655688977363,0.100582305840598,0.272740892697056,-0.0366979865501271,-0.156469666170303
0.375575277170707,-0.00397281872987659,0.341348543008574,0.0622296976428781,0.16958610343155,0.123438641809823,0.490446766750192,0.154576528557054,0.0544747318665504,-0.15160127414509,-0.0120193537512828,-0.0590703602159546,0.299875395040547,0.688917305178391,0.147694013752836,-0.0565486843001032,0.149071610959504,0.0984451587005092,0.168324989518108,-0.128554375456775,-0.0453294469907279,-0.117993557367928,-0.0796389853602921,0.0246963687680199,0.131909404185712,0.0150440772329258,0.304681371370222,0.158018734619476,0.425229686790516,0.100688453509252,0.0984047919847196,0.225809996558276,0.0452601894657502,-0.127568963423248,0.489639470267667,-0.0535464023477562,0.313509941574358,-0.0713672976519217,0.135229910465296,0.0643848554655818,0.417455383154601,0.384822116539342,0.0445851200456715,-0.198230101998645,0.0613012716497368,-0.225462480783818,0.23883982551496,0,0.194861606559991,-0.0895993670455089,0.00109932797934546,0.255622843740122,0.0888187210038148,-0.26578071646429,0.0913271617437178,-0.180336774889311,-0.00248407008377118,0.0459632204540322,0.127647693419454,0.219752476545008,0.273741519739798,-0.0307861369675949,0.395124106526657,0.0414726331535565,0.320097664488701,0.237547341497053,-0.0235572726589557,-0.065749402688523
0.132946628571689,0.29915464016465,0.0192772966339414,0.525791768840886,0.276115867159687,0.416400024936921,0.370937328667602,0.128688167710669,0.570423712675503,-0.0529242489396334,0.0248727385198662,0.483777301176725,0.334275358706122,0.0746518239475132,0.743826952816475,0.235960956790826,-0.0436546058061205,-0.0937644694963252,-0.040968008709232,0.416915261548871,0.0341427496912385,0.069996280348473,0.0611900779874913,0.436144469079525,0.367381116428876,-0.0973870378336404,0.257869748918703,-0.0359246298110328,0.427063669782559,-0.0917689146211942,0.0840996093936293,0.0542863993525621,0.287970344991237,0.231232561400475,0.201028973043426,0.205996221084638,0.12276250049308,0.385959475248722,0.320290774558662,0.525411626748799,0.539253333286723,0.0817311583680102,0.50481102488035,0.0131070618066903,0.165123880611105,0.464073689309301,0.37454471422343,0.194861606559991,0,0.172098691733761,0.0765958405657406,-0.0926985670485098,0.0647981641866837,0.253847755336723,0.0513010577081469,0.0478334497071333,0.198014894679445,0.482826602288044,0.332823792830503,0.0487845967429322,0.0701076161946614,0.108211030964702,0.293051324623931,0.0141591214944077,-0.184958212130999,0.231690898165048,0.252509385959525,0.2091083135455
0.1650401897813,0.064003738631844,-0.0860873923177057,0.313104427297092,0.108427561796157,0.280679857425577,0.115365582811375,0.193260407060382,0.248564390705197,0.119743026602159,0.0412566825137476,0.236851187566224,0.147127130671303,-0.103758631170447,0.158037567070283,0.770098429900822,0.0133895825806172,-0.0832909927229866,-0.13231393695258,0.385917576561538,0.563522820999935,0.409383687635981,0.661680839587439,0.0905984239058688,0.122619142366757,-0.0935968570897352,0.282955486867032,-0.0260072944462167,0.0106607331831818,0.370048985211283,-0.010454071148691,-0.171513525435563,0.195747594883831,0.236224725938218,-0.0242820402720598,0.074976512049624,-0.157563182222033,0.120250868671187,0.0640822824807088,0.221487025536952,0.0356240022649403,0.0932290576372069,0.159114357182751,0.0592817324165137,-0.0797121231448864,0.142216035772913,-0.0313946648435912,-0.0895993670455089,0.172098691733761,0,-0.0874403359873503,-0.307159968232556,-0.220389950941238,0.0652798327549906,0.407389046017138,0.447233119294349,0.68785704434539,0.120140079999529,0.138142769685962,-0.154861038780789,0.125106145290788,0.0636649338319304,0.0686819578798978,0.276940407470043,-0.317501227041733,-0.0252267249678735,0.175049621132135,0.299197042764414
-0.0137498543898936,-0.168824527639858,-0.0624170845512672,-0.0541185244542843,-0.174387638497697,-0.0312048920016518,-0.113561921447414,-0.0811629408864091,-0.146209536900996,-0.110880747032269,0.0179697123499969,0.0996416526776084,-0.226502169108605,0.00139513451456064,-0.00398039343333734,-0.13644615083827,0.404638049698284,0.07960003716083,0.269560058514447,0.138722759244617,-0.125587611674702,-0.227834411536518,0.102412185923041,-0.279380594054413,-0.264589534066957,-0.222770402586398,-0.160180014301783,-0.137117377846385,0.0588166054643593,0.343289969067268,-0.293745987781819,-0.0906199176214414,0.0910708435258729,0.350790899549143,0.136456695729039,0.0549073282671305,0.268842081219114,-0.100228168072707,0.145921905664006,-0.0443785679868329,-0.0273359274291985,-0.143276910732465,-0.15323553553042,-0.0112152018136603,0.385045258178307,0.0801349011612519,-0.199961076787766,0.00109932797934546,0.0765958405657406,-0.0874403359873503,0,0.321927196049963,0.809947310277591,0.0791242487638344,0.00479055501504089,-0.110153257135723,0.0822019971960685,-0.170182836821673,-0.227127655866731,0.131316732765287,0.225817091548683,-0.0202104592867779,0.149970100819029,0.438166239008122,0.0528596903183935,0.220206654161912,0.181108902541518,0.418420613239474
0.0647553864380572,-0.0473397931833917,0.261547061548928,-0.240474551004851,-0.256377709948873,-0.313292473322494,-0.0596035228373327,-0.24464234469247,-0.396420524573656,-0.0557444735023556,0.183861294973379,-0.203502525131202,-0.0645537630250154,0.264676966030807,-0.195920944143739,-0.344919690121359,0.415471310553695,0.590857302308319,0.546298340048688,-0.270975689334342,-0.378030598873462,-0.291603558992998,-0.366969267464193,-0.379790238380335,-0.114799599135819,0.122489191980457,0.0431975008684741,0.0329563926716466,0.0261608739308269,-0.125385648863113,-0.115911793383011,-0.126944794996292,-0.0182783727448117,-0.0808947588000017,0.0117823333274683,0.0295890175445727,0.439932770115714,-0.158639699995972,-0.193129746107425,-0.226139665378751,-0.128497945962907,-0.207094307211546,-0.297117146174553,0.00226122865365057,0.252631616780866,-0.210657154659285,-0.0574631076935498,0.255622843740122,-0.0926985670485098,-0.307159968232556,0.321927196049963,0,0.540324418518032,-0.171734926061366,-0.152715663721287,-0.289327466935442,-0.294763951973784,-0.370070955600866,0.0527830590225646,0.239881099463536,0.423824969290116,-0.0966028056199668,0.000223063477405067,-0.074343232201161,0.438238280935136,-0.104369817964343,-0.0925145854636445,0.0398454061501743
-0.109336480763099,-0.111150179204435,-0.0962976931345224,-0.207523637706165,-0.200499343826816,-0.151815508553614,-0.204783525609451,-0.0832963878742843,-0.230540392901271,-0.0443320262711721,0.177626287404529,0.00333429028470443,-0.183641597668065,-0.0106010053836144,0.00818277230386667,-0.251704361776965,0.350377347651055,0.175700587112325,0.395360628521603,-0.0304309474414674,-0.248039898407054,-0.240842533903931,-0.0637896187943845,-0.31758546674937,-0.211112071349741,-0.17780136084183,-0.197944264308704,-0.00948431263555692,0.0652708521954803,0.18871351413722,-0.346573901309344,-0.0708649896233467,0.106560375512155,0.317706390344065,-0.0222803414733442,0.13929327295689,0.363365566102927,-0.173567608028519,0.149242734234186,-0.114004803254552,-0.02709419995023,-0.145916713717165,-0.201717193377066,0.0424787318588208,0.501286579448596,-0.0589624836168051,-0.0894121371169602,0.0888187210038148,0.0647981641866837,-0.220389950941238,0.809947310277591,0.540324418518032,0,0.0448342334843172,-0.119181830700566,-0.100465539102296,-0.0652102030974274,-0.281963293990394,-0.0901109216815604,0.18983138172358,0.203867725355739,0.0579520182450046,0.0619471055646514,0.316239306657536,0.0988464138456972,0.182893288829549,0.112217430979686,0.381317365982774
-0.223548327060765,0.208584906014277,-0.223364549665309,0.401437455913332,0.0690645485071985,0.343845335598416,-0.129214264495971,-0.0166272700933946,0.231164520835246,0.304850688161871,0.0827030268063196,0.695252249715007,-0.0822151323558139,-0.393858187805502,0.299822189266668,0.0652550543117885,-0.129408054840373,-0.183683629615288,-0.23422406919157,0.658979314149581,-0.0751588935563811,0.0162664926694116,-0.0275294978378874,0.212276689558492,0.0175123863948154,-0.11172595877689,-0.155429016885127,-0.19909210972858,-0.145477992547263,-0.0864064492816951,-0.00424593208495344,0.0196052856744835,0.0917810091281462,0.104237829228002,-0.108550080119491,0.224260129195241,0.0381101864742877,0.580122192719945,0.220891400029507,0.39166044311431,0.190387535621254,-0.0941135814766912,0.280416823677765,0.308675300767255,0.281005837788817,0.731659123855027,0.0591049033704336,-0.26578071646429,0.253847755336723,0.0652798327549906,0.0791242487638344,-0.171734926061366,0.0448342334843172,0,-0.228452428699433,0.0982562540281273,-0.0862779539210872,0.282080850346446,0.053914106908905,0.0856327006503592,-0.0484267782307057,0.105584757638403,-0.0656622997382511,0.0616569590779816,0.0151971260477645,0.0745577502797616,0.0595225758277606,0.0633834988329803
0.29791525952697,0.110184148057106,0.191539016532418,0.0540837876485381,0.164421649263474,0.182751807662202,0.174066684399825,0.20024169507271,0.075972309379009,-0.078973315408085,0.0126083284797401,-0.0963571281497229,0.0777908231286671,0.146266999836814,0.0397313595542971,0.302069112039773,0.271089833721038,0.105936026866751,0.141492985800044,-0.0244708690616255,0.689551687919708,0.174899829363579,0.511218701325153,0.132982672957211,-0.0255269492326856,0.174231905537691,0.242648497103895,0.205255621151525,0.171525356693897,0.433663340133912,0.0678651598685096,-0.0674188174831955,0.275345585094459,0.244389252833104,0.267661402067985,-0.0450699994882651,-0.0175456581339283,-0.136293385203483,0.0689424571079009,-0.0358909523189359,-0.0735571131127964,0.218967266101034,0.0327322390929129,-0.225136030196555,-0.246844640441917,-0.0762763430975404,-0.176688104119804,0.0913271617437178,0.0513010577081469,0.407389046017138,0.00479055501504089,-0.152715663721287,-0.119181830700566,-0.228452428699433,0,-0.00466083703438082,0.721393103890526,0.066752178097379,-0.0511328408130586,0.0132533818867414,0.0721853765150437,0.234024721993984,0.236235626380768,0.368532241626821,-0.258920438388222,-0.130919018658925,0.221448954163139,0.37969063490506
-0.092400385250006,0.406096057588771,-0.355568658784124,0.153893398450249,0.180597419563705,0.174434399335427,-0.0960689028909909,-0.0328921861306522,0.1059587409586,0.358849891210804,-0.167497393195495,0.264003147021994,-0.132867905012134,-0.295098825652979,0.0883282443160429,0.439155628339943,-0.182677185976523,-0.316742926618254,-0.367437982832271,0.180283338702248,0.105977651776988,0.666054434429081,0.261336786392343,0.187619948236031,0.237614141941385,0.0157816355538853,0.123938033973729,-0.0375407714069474,-0.157599243052459,0.259509892698683,-0.182736259397552,-0.292350335082508,-0.0726723239690079,0.42314769361811,-0.141834504420173,0.557427649059864,-0.0109689970012354,0.0232145704752716,0.126080223651859,0.179693880855395,0.201153499188555,-0.118841653847712,0.233093080564992,0.238467680773447,-0.000646563295533831,0.182778832063003,0.0927913986365075,-0.180336774889311,0.0478334497071333,0.447233119294349,-0.110153257135723,-0.289327466935442,-0.100465539102296,0.0982562540281273,-0.00466083703438082,0,0.23258826045566,0.224461160391039,0.196085678646618,0.122057022329128,0.196602575803297,0.234019941849276,-0.188785024519104,0.313263890947169,-0.159095776896823,0.0065071913440744,-0.0139384110178656,0.342268002910889
0.0711707031305043,0.0763663123575877,0.0774305799922589,0.107599464041965,0.243057588146414,0.320086771338377,0.096940429498908,0.154731550855754,0.16940155629553,0.0531509627550991,0.0118345458800637,0.0961308139114584,0.141261890684793,-0.0632284168743599,0.252180483843414,0.456140564246032,0.0850778137194677,-0.12998648688793,0.00146642741315588,0.192796125044024,0.704139807216059,0.339095941341696,0.749991709126312,0.077766956560011,0.167843471884754,-0.0394870197234759,0.26596645455078,0.0286737612144497,0.0884585913872046,0.360017151495502,-0.0287687654734131,-0.0719165418396032,0.278442946737386,0.37046140177599,0.00345637508107827,0.0476138435567894,0.0141131352531399,-0.0982769270933033,0.171878106517524,0.14003106929036,0.0517135880165719,0.0611614356338784,0.10741569708539,-0.0571337370232112,-0.0838802661722902,0.00917028177862434,0.00638451409616763,-0.00248407008377118,0.198014894679445,0.68785704434539,0.0822019971960685,-0.294763951973784,-0.0652102030974274,-0.0862779539210872,0.721393103890526,0.23258826045566,0,0.0903374993508326,0.139326537080904,-0.0604563948401239,0.124668874660036,0.0520987032600302,0.142662400380644,0.302237229100808,-0.288971484653784,0.0509156870240527,0.309958508068782,0.384419689862529
0.0254064684371863,0.241508455503429,0.0962505333415904,0.443529078112686,0.105975950976716,0.16376157194421,0.442301128837936,-0.160453842268889,0.634696946680216,-0.0997822967360526,-0.398302127760341,0.359458049685686,0.221710926627637,-0.0748593583368664,0.465375444017457,0.365533030157913,-0.213086907263987,-0.338077976054271,-0.284643917419183,0.353401542795825,0.141451020361336,0.392752881868392,0.0517712953342451,0.80711858933816,0.302986388946718,-0.110081562795413,0.222540824419225,-0.0915283138249023,0.224488432751323,-0.0812782121709686,0.215561406873744,0.0172319920198311,0.164963317775976,-0.0712724449573266,0.162918178860176,0.122185213430227,0.138011336208383,0.312957976267939,-0.0579353336612813,0.250918256869549,0.688344416293411,-0.147387544517279,0.77392774444533,-0.165555447933867,-0.197273122680681,0.430888710070722,0.423303927324917,0.0459632204540322,0.482826602288044,0.120140079999529,-0.170182836821673,-0.370070955600866,-0.281963293990394,0.282080850346446,0.066752178097379,0.224461160391039,0.0903374993508326,0,0.275403289007012,-0.0270370834742626,0.0640036915659976,0.12885242248687,0.119450006981762,-0.0352860128217722,-0.101800499194999,0.000231723464066295,-0.00739279282218871,-0.157072892646758
-0.166415723980579,0.402477944277143,0.0859749502453659,0.159440694329903,0.194790198424422,0.173610710438037,0.159780324941677,-0.104128862042966,0.349163167965847,0.0632415349442058,0.112245574775061,0.186023900092859,0.540551794751124,-0.069742670096766,0.426041355179575,0.210157543545901,-0.255706828008277,-0.150010609255538,-0.136828461116257,0.109398120114801,0.0589756452200734,0.306716319095404,0.0490795098975585,0.309758512123178,0.829764133243614,-0.0774918462790422,0.380958645582661,-0.115134069525364,0.226308727284053,-0.432663743041212,0.164423469902675,0.0768114374203603,0.150955770659277,0.0264819242785474,-0.133845112993053,0.280939390763925,0.0876205460015021,0.092140275281079,0.0582442268212372,0.323689265759473,0.279563366243321,-0.159467970810896,0.426545160738472,0.0825434559095274,0.0943374648917935,0.142335429267433,0.749461699813167,0.127647693419454,0.332823792830503,0.138142769685962,-0.227127655866731,0.0527830590225646,-0.0901109216815604,0.053914106908905,-0.0511328408130586,0.196085678646618,0.139326537080904,0.275403289007012,0,-0.0275900712210243,0.328902776798627,-0.0524701949851318,0.14743855784076,-0.353866788313786,0.0382306174582947,0.094066981793503,0.118058595727015,0.0872528703042832
-0.178345924603437,0.223585150330915,0.0423672656908875,0.0055008092860219,0.0565722945257266,0.0325029567340171,-0.223778825333087,0.0383253067197188,-0.30566586994779,0.0951739116388731,0.100906242780185,0.171402730186766,-0.402524388259423,-0.120948530558286,0.0601676460870123,-0.14634370899057,-0.125922259557163,-0.0972479995335819,-0.0808620407038338,0.0102136281310444,-0.201748972912989,-0.0895287649298827,-0.0805315763551555,-0.147050157091061,-0.107092014940435,0.48592898506796,-0.212903934259852,0.267151840975095,-0.128684816590529,0.112285696442494,-0.362889876191977,-0.348947286728181,-0.0546389107553366,0.214027859052276,-0.146762767371101,0.317314334944328,0.695035301171257,-0.0116256274036096,0.0648956883138321,-0.06221752960506,0.309614538369497,-0.0440104901536766,-0.0906919551006069,0.092296666047143,0.299560023594366,0.0872340198960298,-0.00682054474511736,0.219752476545008,0.0487845967429322,-0.154861038780789,0.131316732765287,0.239881099463536,0.18983138172358,0.0856327006503592,0.0132533818867414,0.122057022329128,-0.0604563948401239,-0.0270370834742626,-0.0275900712210243,0,0.14001029813332,0.257348791162848,-0.200937154543959,0.220144155706004,0.202624360929265,0.182144979101414,-0.092194311921354,0.201958207188053
0.16387797439079,0.310671342615067,0.208192578152171,0.108594604917092,0.0209306127639259,0.0113307422255426,0.240907295482611,-0.173222573790346,-0.0614261622868629,0.0238105801700656,0.0377467817649412,0.102241879531293,0.175633669289383,0.260988124840977,0.0814475833887329,0.148749871420119,0.325052205218221,0.237495046720102,0.132301766939654,0.0368843788943827,-0.119752431401043,0.372706011421665,0.0174184574516841,-0.0424347953799602,0.268218082413392,0.0493829082046641,0.528793872167655,0.0319961001681938,0.180724343298736,0.0713515121031748,0.0909280937532806,-0.0171427804899796,0.147940232451274,0.0638309044879775,0.213831457536042,0.326442773024283,0.308556303567345,0.0896177184292738,-0.0951346759978843,0.083916882126685,0.190821578513472,-0.0835728313006164,0.148472843174981,-0.0620612089520794,0.117181862710952,0.0670598847116981,0.230397608916944,0.273741519739798,0.0701076161946614,0.125106145290788,0.225817091548683,0.423824969290116,0.203867725355739,-0.0484267782307057,0.0721853765150437,0.196602575803297,0.124668874660036,0.0640036915659976,0.328902776798627,0.14001029813332,0,0.0584274331326485,0.160566092974226,0.133343483999929,0.466850671885658,0.140978777662285,0.00700475244264084,0.214645357513407
0.0922454837635946,0.335937810077315,-0.194316132678691,0.215390195994186,0.0615245111751596,0.242472336917621,-0.10038673967231,0.254707718332759,0.00961712519125776,0.436611181356704,0.106825054986174,0.220971254595451,-0.178330424646047,-0.162155112601328,0.144426094132768,0.136853253609695,0.0346089557136727,0.0258426085567863,-0.111148189562354,0.0549324677178397,0.054718933118358,0.143673759506244,0.0686374984761679,0.149077532907749,0.00178750344935771,0.188395100244308,0.00666884095638449,0.653159763234073,0.167564167673624,0.245973701163935,-0.0395692864837955,-0.197060866471453,0.128112526612543,0.356970093940971,0.0503794628552059,0.4074846099763,0.00877142950483092,0.297590978120929,0.1095281552932,0.192961784987864,0.179721889851151,0.258793557030332,0.0787721946091292,0.220473199788825,0.0805840038156092,0.255355319488455,-0.143727390524977,-0.0307861369675949,0.108211030964702,0.0636649338319304,-0.0202104592867779,-0.0966028056199668,0.0579520182450046,0.105584757638403,0.234024721993984,0.234019941849276,0.0520987032600302,0.12885242248687,-0.0524701949851318,0.257348791162848,0.0584274331326485,0,0.0232056101030676,0.277713198077538,-0.0230763556545904,0.00271080768417729,-0.0695173540927703,0.31282884909339
0.625101733749441,0.0597528237686516,0.139903094348771,0.246486725905926,0.0369914193359888,0.248821180653239,0.406817555652256,0.274114183642707,0.210080753844667,-0.124975303223942,0.0416595642291202,0.129175156667002,0.327534228246192,0.415006156829065,0.220386066776567,0.118112719729637,0.371842007108385,0.223756562411979,0.099817663882052,0.118776813693733,0.113469079787266,-0.0474254361956388,0.120345325216894,0.164584473444778,0.203520899528791,-0.140377602341676,0.330093951751526,-0.0333117072250009,0.79420604754657,0.194368128041202,0.192085983597948,0.28106527969048,0.289340847776753,0.118867457773251,0.726603015091321,0.00431148240276786,-0.101601920335208,0.122762481810882,0.183137146933715,0.207239290465737,0.071964474043638,0.296479891120669,0.175449454771499,-0.189728579685823,0.0589003374454362,0.0710998139389846,0.113173167574326,0.395124106526657,0.293051324623931,0.0686819578798978,0.149970100819029,0.000223063477405067,0.0619471055646514,-0.0656622997382511,0.236235626380768,-0.188785024519104,0.142662400380644,0.119450006981762,0.14743855784076,-0.200937154543959,0.160566092974226,0.0232056101030676,0,0.169025475625915,-0.0450808604606047,0.162212356381253,0.2317759565086,0.196073951969543
0.227154612064315,0.119039767975978,-0.17787269753128,0.138367454534086,-0.0288071171242442,0.0372588960632903,-0.0794943735765016,0.0240237882148945,-0.162540467264528,-0.0366995191699901,-0.114445139409733,0.155990152740561,-0.35677571059139,0.024370133303183,-0.0325285002937947,0.207237896772719,0.19437719465158,-0.0426950545286845,-0.0454943493526935,0.112484823652366,0.133571780128191,0.14380047650886,0.261995024276728,-0.0709676396550366,-0.288064127592107,-0.0341564550492097,-0.170537288990159,0.0647348213958,0.038488744695987,0.784356308841026,-0.269827878955783,-0.233613387063413,0.178250956218222,0.567952868849414,0.232732882724768,0.262818285589139,0.162919770840849,-0.0187610487442357,0.146096729780411,-0.0814102919596716,0.0451670665129213,0.0724107072911546,-0.0730839626705113,-0.0996927262000915,0.158690533238608,0.155616511969893,-0.454655688977363,0.0414726331535565,0.0141591214944077,0.276940407470043,0.438166239008122,-0.074343232201161,0.316239306657536,0.0616569590779816,0.368532241626821,0.313263890947169,0.302237229100808,-0.0352860128217722,-0.353866788313786,0.220144155706004,0.133343483999929,0.277713198077538,0.169025475625915,0,-0.146316860770737,0.0330139651000395,0.277033463285014,0.61064468435094
-0.00410788954818683,0.0014088750912183,0.281067152185642,-0.0328431784252411,0.0161607769675077,0.0148517008069456,0.0564850079087583,-0.082426420813976,-0.231691048601159,0.111770139659135,0.121452741507605,0.0118220954191709,-0.00803284893962407,0.172134181652678,-0.101353861761749,-0.241711646339139,0.130279900615842,0.194491458835666,0.178731763551646,-0.0800664206378022,-0.295065920741196,-0.0629605678863418,-0.203871364909692,-0.241233363963486,-0.0316016828466677,0.0858957681716667,0.174843210857392,0.10523229446288,-0.036079353524863,-0.141612882143333,0.29551072711244,0.102309656837979,0.0414981503439998,-0.238494754045569,0.0702329645556002,0.0206847154393976,0.297303235248341,0.108670865857725,-0.0673972714735587,0.0193912126478081,0.0728044782282321,0.00656284685188326,-0.0657748402254285,0.0828494580803301,0.155089695869448,-0.00818527581596473,0.100582305840598,0.320097664488701,-0.184958212130999,-0.317501227041733,0.0528596903183935,0.438238280935136,0.0988464138456972,0.0151971260477645,-0.258920438388222,-0.159095776896823,-0.288971484653784,-0.101800499194999,0.0382306174582947,0.202624360929265,0.466850671885658,-0.0230763556545904,-0.0450808604606047,-0.146316860770737,0,0.0849131771042646,-0.110371165563009,-0.177499615433235
-0.0208807683716202,0.0557840279809757,-0.141772633224197,0.119616096822233,0.165757538706945,0.259957499301533,0.00564940760102078,0.239162210865141,0.0285400180901414,0.0190586852998919,0.0709731791408919,0.230533461818719,0.122569745937868,0.0884108900617973,0.165679437574849,0.0293839318405611,-0.0674042206856353,-0.235850979640101,-0.179028425436998,0.177118126501687,-0.0553217300828369,-0.041163795717005,0.129067428950165,-0.157680708446961,0.190203120011351,-0.183812117214004,0.0769522555388265,-0.119498279653505,0.250294327432296,0.0498648778820323,-0.222366193657191,0.136636544585357,0.00319578238856231,0.111621565027328,0.056624097027416,0.0733327857450325,0.0276568121421665,0.127322706996673,0.457047579072901,0.303720021386082,0.149652655090289,0.271572508108839,-0.0508451341085054,0.0490483293542664,0.474890584896142,0.0732883900286255,0.272740892697056,0.237547341497053,0.231690898165048,-0.0252267249678735,0.220206654161912,-0.104369817964343,0.182893288829549,0.0745577502797616,-0.130919018658925,0.0065071913440744,0.0509156870240527,0.000231723464066295,0.094066981793503,0.182144979101414,0.140978777662285,0.00271080768417729,0.162212356381253,0.0330139651000395,0.0849131771042646,0,0.0043200004726567,0.0782152305708031
-0.0238568907944281,0.0945871927501276,0.0228414500639119,0.060404728741239,0.109281316714333,0.161029494665713,-0.132694927964104,-0.0189671407589047,-0.000576573072315493,-0.0441472612756117,-0.0100146423354514,0.138253129757391,0.0471501169822694,-0.0547651966741077,0.0990929403014141,0.0946558217198658,0.0949799320827812,0.0647979827546724,0.067834634540155,0.10186396108604,0.146396815962085,-0.0360355617027202,0.221148376109699,-0.0870495872586143,0.137158457547786,-0.124232032668736,0.0552915492145032,-0.113931793973806,0.121932418429078,0.165401777394586,-0.00762835590314644,-0.00150394786746147,0.595950033464327,0.498324467186442,0.0620642611735829,0.14752805096848,0.0837474744901071,0.0278480363911507,0.239974808979463,0.134746188749723,-0.0891373170693886,-0.0363592673744947,-0.0190342593262601,0.0140496164065301,0.0780855285563487,0.245858947987972,-0.0366979865501271,-0.0235572726589557,0.252509385959525,0.175049621132135,0.181108902541518,-0.0925145854636445,0.112217430979686,0.0595225758277606,0.221448954163139,-0.0139384110178656,0.309958508068782,-0.00739279282218871,0.118058595727015,-0.092194311921354,0.00700475244264084,-0.0695173540927703,0.2317759565086,0.277033463285014,-0.110371165563009,0.0043200004726567,0,0.47461741875968
0.0279759196701069,0.31372136832874,-0.176503814833041,0.0744578366379077,0.0452833856484096,0.18988443281838,-0.204412955239096,0.00681889498429688,-0.144047528829871,0.126107867435,0.146309392324149,0.207922842143188,-0.164322134203444,-0.134540241293127,0.089609509864058,0.225151876258838,0.178619927026474,0.0199130390571182,-0.00192681421209497,0.066725094608524,0.229213597429833,0.220248389521861,0.316878597818879,-0.160377511418284,0.122543625027677,0.0583831503943615,0.00784258074393346,0.164336186081396,0.0971416134131517,0.458190389379516,-0.27006464513277,-0.176893701304109,0.328894657283497,0.833527549506005,0.0207232615793221,0.503391427141502,0.0982094945333945,-0.0448779942253434,0.231873419797533,0.076469693565056,-0.105436753376142,-0.034424291564114,-0.107604581531759,0.0782246313379008,0.211012609089051,0.188946672265316,-0.156469666170303,-0.065749402688523,0.2091083135455,0.299197042764414,0.418420613239474,0.0398454061501743,0.381317365982774,0.0633834988329803,0.37969063490506,0.342268002910889,0.384419689862529,-0.157072892646758,0.0872528703042832,0.201958207188053,0.214645357513407,0.31282884909339,0.196073951969543,0.61064468435094,-0.177499615433235,0.0782152305708031,0.47461741875968,0
